value_hex	code_offset_hex	size	thumb	name	demangled
0x00284699	0x00284698	16	1	JNI_OnLoad	JNI_OnLoad
0x002846a9	0x002846a8	120	1	Java_org_cocos2dx_lib_Cocos2dxRenderer_nativeInit	Java_org_cocos2dx_lib_Cocos2dxRenderer_nativeInit
0x002c337d	0x002c337c	88	1	Java_com_hippiegame_nevergone_GooglePlayIABPlugin_nativeOnFailed	Java_com_hippiegame_nevergone_GooglePlayIABPlugin_nativeOnFailed
0x002c351d	0x002c351c	176	1	Java_com_hippiegame_nevergone_GooglePlayIABPlugin_nativeOnPurchased	Java_com_hippiegame_nevergone_GooglePlayIABPlugin_nativeOnPurchased
0x002c35cd	0x002c35cc	176	1	Java_com_hippiegame_nevergone_GooglePlayIABPlugin_nativeOnRestore	Java_com_hippiegame_nevergone_GooglePlayIABPlugin_nativeOnRestore
0x002c3821	0x002c3820	40	1	Java_com_hippiegame_nevergone_GooglePlayIABPlugin_nativeOnReceiveItemInfo	Java_com_hippiegame_nevergone_GooglePlayIABPlugin_nativeOnReceiveItemInfo
0x003d9611	0x003d9610	14	1	Java_org_cocos2dx_lib_Cocos2dxHelper_SendInfo	Java_org_cocos2dx_lib_Cocos2dxHelper_SendInfo
0x005359fd	0x005359fc	134	1	Java_org_cocos2dx_lib_Cocos2dxBitmap_nativeInitBitmapDC	Java_org_cocos2dx_lib_Cocos2dxBitmap_nativeInitBitmapDC
0x00535bdd	0x00535bdc	40	1	Java_org_cocos2dx_lib_Cocos2dxHelper_nativeSetApkPath	Java_org_cocos2dx_lib_Cocos2dxHelper_nativeSetApkPath
0x00535c05	0x00535c04	132	1	Java_org_cocos2dx_lib_Cocos2dxHelper_nativeSetEditTextDialogResult	Java_org_cocos2dx_lib_Cocos2dxHelper_nativeSetEditTextDialogResult
0x0053663d	0x0053663c	14	1	Java_org_cocos2dx_lib_Cocos2dxRenderer_nativeRender	Java_org_cocos2dx_lib_Cocos2dxRenderer_nativeRender
0x0053664d	0x0053664c	36	1	Java_org_cocos2dx_lib_Cocos2dxRenderer_nativeOnPause	Java_org_cocos2dx_lib_Cocos2dxRenderer_nativeOnPause
0x00536671	0x00536670	22	1	Java_org_cocos2dx_lib_Cocos2dxRenderer_nativeOnResume	Java_org_cocos2dx_lib_Cocos2dxRenderer_nativeOnResume
0x00536687	0x00536686	58	1	Java_org_cocos2dx_lib_Cocos2dxRenderer_nativeInsertText	Java_org_cocos2dx_lib_Cocos2dxRenderer_nativeInsertText
0x005366c1	0x005366c0	14	1	Java_org_cocos2dx_lib_Cocos2dxRenderer_nativeDeleteBackward	Java_org_cocos2dx_lib_Cocos2dxRenderer_nativeDeleteBackward
0x005366d1	0x005366d0	64	1	Java_org_cocos2dx_lib_Cocos2dxRenderer_nativeGetContentText	Java_org_cocos2dx_lib_Cocos2dxRenderer_nativeGetContentText
0x00536711	0x00536710	38	1	Java_org_cocos2dx_lib_Cocos2dxAccelerometer_onSensorChanged	Java_org_cocos2dx_lib_Cocos2dxAccelerometer_onSensorChanged
0x005369cd	0x005369cc	32	1	Java_org_cocos2dx_lib_Cocos2dxRenderer_nativeTouchesBegin	Java_org_cocos2dx_lib_Cocos2dxRenderer_nativeTouchesBegin
0x005369ed	0x005369ec	32	1	Java_org_cocos2dx_lib_Cocos2dxRenderer_nativeTouchesEnd	Java_org_cocos2dx_lib_Cocos2dxRenderer_nativeTouchesEnd
0x00536a0d	0x00536a0c	136	1	Java_org_cocos2dx_lib_Cocos2dxRenderer_nativeTouchesMove	Java_org_cocos2dx_lib_Cocos2dxRenderer_nativeTouchesMove
0x00536a95	0x00536a94	136	1	Java_org_cocos2dx_lib_Cocos2dxRenderer_nativeTouchesCancel	Java_org_cocos2dx_lib_Cocos2dxRenderer_nativeTouchesCancel
0x00536b1d	0x00536b1c	46	1	Java_org_cocos2dx_lib_Cocos2dxRenderer_nativeKeyDown	Java_org_cocos2dx_lib_Cocos2dxRenderer_nativeKeyDown
