value_hex	code_offset_hex	size	name	demangled
0x0029d0c1	0x0029d0c0	46	_ZN11DataManager18deleteHeroSaveDataEj	DataManager::deleteHeroSaveData(unsigned int)
0x0029d0ef	0x0029d0ee	32	_ZN11DataManager13saveDataCountEv	DataManager::saveDataCount()
0x0029d111	0x0029d110	164	_ZN11DataManager16loadGameSaveDataEj	DataManager::loadGameSaveData(unsigned int)
0x0029d1b5	0x0029d1b4	4	_ZN11DataManager18loadOLGameSaveDataEj	DataManager::loadOLGameSaveData(unsigned int)
0x0029fd19	0x0029fd18	1516	_ZN11DataManager18uploadGameSaveDataEv	DataManager::uploadGameSaveData()
0x0033a767	0x0033a766	34	_ZN12GameSaveData6EncodeEPciS0_j	GameSaveData::Encode(char*, int, char*, unsigned int)
0x0033a789	0x0033a788	34	_ZN12GameSaveData6DecodeEPciS0_j	GameSaveData::Decode(char*, int, char*, unsigned int)
0x0033a7ab	0x0033a7aa	178	_ZN12GameSaveData11getFileDataEPKcPm	GameSaveData::getFileData(char const*, unsigned long*)
0x0033a85d	0x0033a85c	138	_ZN12GameSaveData20removeAllWareObjectsEv	GameSaveData::removeAllWareObjects()
0x0033a8e7	0x0033a8e6	28	_ZN12GameSaveData9addWeaponEP15WeaponsItemData	GameSaveData::addWeapon(WeaponsItemData*)
0x0033a903	0x0033a902	28	_ZN12GameSaveData8addEquipEP13EquipItemData	GameSaveData::addEquip(EquipItemData*)
0x0033a91f	0x0033a91e	140	_ZN12GameSaveData6addMatEP12ItemTypeData	GameSaveData::addMat(ItemTypeData*)
0x0033a9ab	0x0033a9aa	80	_ZN12GameSaveData7addItemEP12ItemTypeData	GameSaveData::addItem(ItemTypeData*)
0x0033a9fb	0x0033a9fa	66	_ZN12GameSaveData8addStoneEP11wp_Property	GameSaveData::addStone(wp_Property*)
0x0033aa3d	0x0033aa3c	68	_ZN12GameSaveData10addClothesEP11ClothesData	GameSaveData::addClothes(ClothesData*)
0x0033aa81	0x0033aa80	92	_ZN12GameSaveData12addColorItemEP9ColorData	GameSaveData::addColorItem(ColorData*)
0x0033aadd	0x0033aadc	34	_ZN12GameSaveData11addBackpackEP12ItemTypeData	GameSaveData::addBackpack(ItemTypeData*)
0x0033aaff	0x0033aafe	24	_ZN12GameSaveData16addForgetWeaponsEP16ForgeWeaponsData	GameSaveData::addForgetWeapons(ForgeWeaponsData*)
0x0033ab17	0x0033ab16	34	_ZN12GameSaveData25addCurEquipArmorAndWeaponEP15WeaponsItemData	GameSaveData::addCurEquipArmorAndWeapon(WeaponsItemData*)
0x0033ab39	0x0033ab38	52	_ZN12GameSaveData22getCPProRecordWithCPIDEji	GameSaveData::getCPProRecordWithCPID(unsigned int, int)
0x0033ab6d	0x0033ab6c	36	_ZN12GameSaveData23getCPProRecordWithIndexEj	GameSaveData::getCPProRecordWithIndex(unsigned int)
0x0033ab91	0x0033ab90	84	_ZN12GameSaveData14addCPProRecordEP20CPProgressRecordData	GameSaveData::addCPProRecord(CPProgressRecordData*)
0x0033abe5	0x0033abe4	8	_ZN12GameSaveData23getCPProRecordDataCountEv	GameSaveData::getCPProRecordDataCount()
0x0033abed	0x0033abec	46	_ZN12GameSaveData29getCPEndlessProRecordWithCPIDEjj	GameSaveData::getCPEndlessProRecordWithCPID(unsigned int, unsigned int)
0x0033ac1b	0x0033ac1a	38	_ZN12GameSaveData30getCPEndlessProRecordWithIndexEjj	GameSaveData::getCPEndlessProRecordWithIndex(unsigned int, unsigned int)
0x0033ac41	0x0033ac40	68	_ZN12GameSaveData21addCPEndlessProRecordEjP20CPProgressRecordData	GameSaveData::addCPEndlessProRecord(unsigned int, CPProgressRecordData*)
0x0033ac85	0x0033ac84	10	_ZN12GameSaveData30getCPEndlessProRecordDataCountEj	GameSaveData::getCPEndlessProRecordDataCount(unsigned int)
0x0033ac8f	0x0033ac8e	8	_ZN12GameSaveData15addWeaponsAtlasEP12WeaponsAtlas	GameSaveData::addWeaponsAtlas(WeaponsAtlas*)
0x0033ac97	0x0033ac96	54	_ZN12GameSaveData16addRandomMissionEP17RondomMissionData	GameSaveData::addRandomMission(RondomMissionData*)
0x0033accd	0x0033accc	44	_ZN12GameSaveData23getRandomMissDataWithIDEj	GameSaveData::getRandomMissDataWithID(unsigned int)
0x0033acf9	0x0033acf8	36	_ZN12GameSaveData26getRandomMissDataWithIndexEj	GameSaveData::getRandomMissDataWithIndex(unsigned int)
0x0033ad1d	0x0033ad1c	8	_ZN12GameSaveData21getRandomMissionCountEv	GameSaveData::getRandomMissionCount()
0x0033ad25	0x0033ad24	66	_ZN12GameSaveData21addEquipRandomMissionEP17RondomMissionData	GameSaveData::addEquipRandomMission(RondomMissionData*)
0x0033ad67	0x0033ad66	36	_ZN12GameSaveData30getEquipRandomMissionDataAtIdxEj	GameSaveData::getEquipRandomMissionDataAtIdx(unsigned int)
0x0033ad8b	0x0033ad8a	44	_ZN12GameSaveData31getEquipRandomMissionDataWithIdEj	GameSaveData::getEquipRandomMissionDataWithId(unsigned int)
0x0033adb7	0x0033adb6	8	_ZN12GameSaveData26getEquipRandomMissionCountEv	GameSaveData::getEquipRandomMissionCount()
0x0033adbf	0x0033adbe	8	_ZN12GameSaveData20getWeaponsAtlasCountEv	GameSaveData::getWeaponsAtlasCount()
0x0033adc7	0x0033adc6	36	_ZN12GameSaveData22getWeaponsAtlasAtIndexEj	GameSaveData::getWeaponsAtlasAtIndex(unsigned int)
0x0033adeb	0x0033adea	22	_ZN12GameSaveData15CopyWeaponArryaEP15WeaponsItemDataPN7cocos2d7CCArrayE	GameSaveData::CopyWeaponArrya(WeaponsItemData*, cocos2d::CCArray*)
0x0033ae01	0x0033ae00	34	_ZN12GameSaveData23addCurEquipPartToPlayerEP13EquipItemData	GameSaveData::addCurEquipPartToPlayer(EquipItemData*)
0x0033ae25	0x0033ae24	620	_ZN12GameSaveData17checkSaveFileDataEPcmi	GameSaveData::checkSaveFileData(char*, unsigned long, int)
0x0033b091	0x0033b090	116	_ZN12GameSaveData9isCreatedEj	GameSaveData::isCreated(unsigned int)
0x0033b105	0x0033b104	488	_ZN12GameSaveData9deletableEj	GameSaveData::deletable(unsigned int)
0x0033b2ed	0x0033b2ec	992	_ZN12GameSaveData10upToIcouldEv	GameSaveData::upToIcould()
0x0033b6cd	0x0033b6cc	900	_ZN12GameSaveData16initGameSaveDataEj	GameSaveData::initGameSaveData(unsigned int)
0x0033ba91	0x0033ba90	856	_ZN12GameSaveData26LoadStandaloneHeroDataListEv	GameSaveData::LoadStandaloneHeroDataList()
0x0033be39	0x0033be38	4680	_ZN12GameSaveData5writeEj	GameSaveData::write(unsigned int)
0x0033d081	0x0033d080	4	_ZN12GameSaveData6createEj	GameSaveData::create(unsigned int)
0x0033d085	0x0033d084	228	_ZN12GameSaveDataC2Ev	GameSaveData::GameSaveData()
0x0033d085	0x0033d084	228	_ZN12GameSaveDataC1Ev	GameSaveData::GameSaveData()
0x0033d169	0x0033d168	56	_ZN12GameSaveData18createGameSaveDataEj	GameSaveData::createGameSaveData(unsigned int)
0x0033e4a5	0x0033e4a4	38	_ZN12GameSaveData4readEPcjm	GameSaveData::read(char*, unsigned int, unsigned long)
0x0033e4cd	0x0033e4cc	452	_ZN12GameSaveData14downFromIcouldEPc	GameSaveData::downFromIcould(char*)
0x0033e691	0x0033e690	140	_ZN12GameSaveData4readESsj	GameSaveData::read(std::basic_string<char, std::char_traits<char>, std::allocator<char> >, unsigned int)
0x0033e71d	0x0033e71c	544	_ZN12GameSaveDataD2Ev	GameSaveData::~GameSaveData()
0x0033e71d	0x0033e71c	544	_ZN12GameSaveDataD1Ev	GameSaveData::~GameSaveData()
0x0033e93d	0x0033e93c	18	_ZN12GameSaveDataD0Ev	GameSaveData::~GameSaveData()
0x004f3b29	0x004f3b28	128	_ZN6google8protobuf11MessageLite15ParseFromStringERKSs	google::protobuf::MessageLite::ParseFromString(std::basic_string<char, std::char_traits<char>, std::allocator<char> > const&)
0x004f3dbd	0x004f3dbc	24	_ZNK6google8protobuf11MessageLite17SerializeToStringEPSs	google::protobuf::MessageLite::SerializeToString(std::basic_string<char, std::char_traits<char>, std::allocator<char> >*) const
0x004fe5dd	0x004fe5dc	54	_ZN6google8protobuf10TextFormat6Parser15ParseFromStringERKSsPNS0_7MessageE	google::protobuf::TextFormat::Parser::ParseFromString(std::basic_string<char, std::char_traits<char>, std::allocator<char> > const&, google::protobuf::Message*)
0x004fe613	0x004fe612	36	_ZN6google8protobuf10TextFormat15ParseFromStringERKSsPNS0_7MessageE	google::protobuf::TextFormat::ParseFromString(std::basic_string<char, std::char_traits<char>, std::allocator<char> > const&, google::protobuf::Message*)
0x00505115	0x00505114	204	_ZNK6google8protobuf3xml14XmlMessageImpl17SerializeToStringEv	google::protobuf::xml::XmlMessageImpl::SerializeToString() const
0x00505235	0x00505234	14	_ZNK6google8protobuf3xml10XmlMessage17SerializeToStringEv	google::protobuf::xml::XmlMessage::SerializeToString() const
0x00506191	0x00506190	244	_ZN6google8protobuf3xml14XmlMessageImpl15ParseFromStringERKSs	google::protobuf::xml::XmlMessageImpl::ParseFromString(std::basic_string<char, std::char_traits<char>, std::allocator<char> > const&)
0x00506285	0x00506284	6	_ZN6google8protobuf3xml10XmlMessage15ParseFromStringERKSs	google::protobuf::xml::XmlMessage::ParseFromString(std::basic_string<char, std::char_traits<char>, std::allocator<char> > const&)
0x0053222d	0x0053222c	4	_ZN7cocos2d11CCFileUtils25getSearchResolutionsOrderEv	cocos2d::CCFileUtils::getSearchResolutionsOrder()
0x00532231	0x00532230	4	_ZN7cocos2d11CCFileUtils14getSearchPathsEv	cocos2d::CCFileUtils::getSearchPaths()
0x00532235	0x00532234	16	_ZN7cocos2d11CCFileUtils14isAbsolutePathERKSs	cocos2d::CCFileUtils::isAbsolutePath(std::basic_string<char, std::char_traits<char>, std::allocator<char> > const&)
0x00532245	0x00532244	12	_ZN7cocos2d11CCFileUtils14setPopupNotifyEb	cocos2d::CCFileUtils::setPopupNotify(bool)
0x00532251	0x00532250	12	_ZN7cocos2d11CCFileUtils13isPopupNotifyEv	cocos2d::CCFileUtils::isPopupNotify()
0x0053225d	0x0053225c	30	_ZN7cocos2d11CCFileUtils27setFilenameLookupDictionaryEPNS_12CCDictionaryE	cocos2d::CCFileUtils::setFilenameLookupDictionary(cocos2d::CCDictionary*)
0x0053227d	0x0053227c	24	_ZN7cocos2d11CCFileUtils19getExternalFilesDirEv	cocos2d::CCFileUtils::getExternalFilesDir()
0x00532295	0x00532294	24	_ZN7cocos2d11CCFileUtils27getExternalStorageDirectoryEv	cocos2d::CCFileUtils::getExternalStorageDirectory()
0x005322ad	0x005322ac	14	_ZN7cocos2d11CCFileUtils21getDefaultResRootPathEv	cocos2d::CCFileUtils::getDefaultResRootPath()
0x005322bd	0x005322bc	168	_ZN7cocos2d11CCFileUtils18getFileDataFromZipEPKcS2_Pm	cocos2d::CCFileUtils::getFileDataFromZip(char const*, char const*, unsigned long*)
0x00532365	0x00532364	72	_ZN7cocos2d11CCFileUtils14getNewFilenameEPKc	cocos2d::CCFileUtils::getNewFilename(char const*)
0x005323ad	0x005323ac	200	_ZN7cocos2d11CCFileUtils18getPathForFilenameERKSsS2_S2_	cocos2d::CCFileUtils::getPathForFilename(std::basic_string<char, std::char_traits<char>, std::allocator<char> > const&, std::basic_string<char, std::char_traits<char>, std::allocator<char> > const&, std::basic_string<char, std::char_traits<char>, std::allocator<char> > const&)
0x00532475	0x00532474	148	_ZN7cocos2d11CCFileUtils24fullPathFromRelativeFileEPKcS2_	cocos2d::CCFileUtils::fullPathFromRelativeFile(char const*, char const*)
0x00532509	0x00532508	176	_ZN7cocos2d11CCFileUtils36loadFilenameLookupDictionaryFromFileEPKc	cocos2d::CCFileUtils::loadFilenameLookupDictionaryFromFile(char const*)
0x005325b9	0x005325b8	112	_ZN7cocos2d11CCFileUtils16getClassTypeInfoEv	cocos2d::CCFileUtils::getClassTypeInfo()
0x00532629	0x00532628	52	_ZN7cocos2d11CCFileUtils34getFullPathForDirectoryAndFilenameERKSsS2_	cocos2d::CCFileUtils::getFullPathForDirectoryAndFilename(std::basic_string<char, std::char_traits<char>, std::allocator<char> > const&, std::basic_string<char, std::char_traits<char>, std::allocator<char> > const&)
0x0053269d	0x0053269c	352	_ZN7cocos2d11CCFileUtils11getFileDataEPKcS2_Pm	cocos2d::CCFileUtils::getFileData(char const*, char const*, unsigned long*)
0x005327fd	0x005327fc	28	_ZN7cocos2d11CCFileUtils14purgeFileUtilsEv	cocos2d::CCFileUtils::purgeFileUtils()
0x00532819	0x00532818	72	_ZN7cocos2d11CCFileUtilsC2Ev	cocos2d::CCFileUtils::CCFileUtils()
0x00532819	0x00532818	72	_ZN7cocos2d11CCFileUtilsC1Ev	cocos2d::CCFileUtils::CCFileUtils()
0x00532861	0x00532860	44	_ZN7cocos2d11CCFileUtils15getDownloadPathEv	cocos2d::CCFileUtils::getDownloadPath()
0x0053288d	0x0053288c	44	_ZN7cocos2d11CCFileUtils18getAudioRecordPathEv	cocos2d::CCFileUtils::getAudioRecordPath()
0x005328b9	0x005328b8	44	_ZN7cocos2d11CCFileUtils15getUserWordPathEv	cocos2d::CCFileUtils::getUserWordPath()
0x005328e5	0x005328e4	44	_ZN7cocos2d11CCFileUtils17getUncompressPathEv	cocos2d::CCFileUtils::getUncompressPath()
0x00532911	0x00532910	44	_ZN7cocos2d11CCFileUtils13getAssetsPathEv	cocos2d::CCFileUtils::getAssetsPath()
0x00532cc9	0x00532cc8	28	_ZN7cocos2d11CCFileUtils18purgeCachedEntriesEv	cocos2d::CCFileUtils::purgeCachedEntries()
0x00532da5	0x00532da4	392	_ZN7cocos2d11CCFileUtils19fullPathForFilenameEPKc	cocos2d::CCFileUtils::fullPathForFilename(char const*)
0x00533275	0x00533274	108	_ZN7cocos2d11CCFileUtils36createCCDictionaryWithContentsOfFileERKSs	cocos2d::CCFileUtils::createCCDictionaryWithContentsOfFile(std::basic_string<char, std::char_traits<char>, std::allocator<char> > const&)
0x005332e1	0x005332e0	108	_ZN7cocos2d11CCFileUtils31createCCArrayWithContentsOfFileERKSs	cocos2d::CCFileUtils::createCCArrayWithContentsOfFile(std::basic_string<char, std::char_traits<char>, std::allocator<char> > const&)
0x0053334d	0x0053334c	252	_ZN7cocos2d11CCFileUtils14setSearchPathsERKSt6vectorISsSaISsEE	cocos2d::CCFileUtils::setSearchPaths(std::vector<std::basic_string<char, std::char_traits<char>, std::allocator<char> >, std::allocator<std::basic_string<char, std::char_traits<char>, std::allocator<char> > > > const&)
0x00533449	0x00533448	156	_ZN7cocos2d11CCFileUtils13addSearchPathEPKc	cocos2d::CCFileUtils::addSearchPath(char const*)
0x005334e5	0x005334e4	80	_ZN7cocos2d11CCFileUtilsD2Ev	cocos2d::CCFileUtils::~CCFileUtils()
0x005334e5	0x005334e4	80	_ZN7cocos2d11CCFileUtilsD1Ev	cocos2d::CCFileUtils::~CCFileUtils()
0x00533535	0x00533534	18	_ZN7cocos2d11CCFileUtilsD0Ev	cocos2d::CCFileUtils::~CCFileUtils()
0x00533549	0x00533548	56	_ZN7cocos2d11CCFileUtils4initEv	cocos2d::CCFileUtils::init()
0x00533581	0x00533580	184	_ZN7cocos2d11CCFileUtils25setSearchResolutionsOrderERKSt6vectorISsSaISsEE	cocos2d::CCFileUtils::setSearchResolutionsOrder(std::vector<std::basic_string<char, std::char_traits<char>, std::allocator<char> >, std::allocator<std::basic_string<char, std::char_traits<char>, std::allocator<char> > > > const&)
0x00533639	0x00533638	34	_ZN7cocos2d11CCFileUtils25addSearchResolutionsOrderEPKc	cocos2d::CCFileUtils::addSearchResolutionsOrder(char const*)
0x00534761	0x00534760	14	_ZN7cocos2d18CCFileUtilsAndroid12getCachePathEv	cocos2d::CCFileUtilsAndroid::getCachePath()
0x0053476f	0x0053476e	36	_ZN7cocos2d18CCFileUtilsAndroid14isAbsolutePathERKSs	cocos2d::CCFileUtilsAndroid::isAbsolutePath(std::basic_string<char, std::char_traits<char>, std::allocator<char> > const&)
0x00534795	0x00534794	52	_ZN7cocos2d18CCFileUtilsAndroidD2Ev	cocos2d::CCFileUtilsAndroid::~CCFileUtilsAndroid()
0x00534795	0x00534794	52	_ZN7cocos2d18CCFileUtilsAndroidD1Ev	cocos2d::CCFileUtilsAndroid::~CCFileUtilsAndroid()
0x005347c9	0x005347c8	18	_ZN7cocos2d18CCFileUtilsAndroidD0Ev	cocos2d::CCFileUtilsAndroid::~CCFileUtilsAndroid()
0x005347dd	0x005347dc	100	_ZN7cocos2d18CCFileUtilsAndroid11isFileExistERKSs	cocos2d::CCFileUtilsAndroid::isFileExist(std::basic_string<char, std::char_traits<char>, std::allocator<char> > const&)
0x00534841	0x00534840	112	_ZN7cocos2d18CCFileUtilsAndroid19getExternalFilesDirEv	cocos2d::CCFileUtilsAndroid::getExternalFilesDir()
0x005348b1	0x005348b0	112	_ZN7cocos2d18CCFileUtilsAndroid27getExternalStorageDirectoryEv	cocos2d::CCFileUtilsAndroid::getExternalStorageDirectory()
0x00534921	0x00534920	48	_ZN7cocos2d18CCFileUtilsAndroid16uncompressAssetsEv	cocos2d::CCFileUtilsAndroid::uncompressAssets()
0x00534951	0x00534950	112	_ZN7cocos2d18CCFileUtilsAndroid15getWritablePathEv	cocos2d::CCFileUtilsAndroid::getWritablePath()
0x005349c1	0x005349c0	96	_ZN7cocos2d18CCFileUtilsAndroid10deletePathERKSs	cocos2d::CCFileUtilsAndroid::deletePath(std::basic_string<char, std::char_traits<char>, std::allocator<char> > const&)
0x00534a61	0x00534a60	436	_ZN7cocos2d18CCFileUtilsAndroid11getFileDataEPKcS2_Pm	cocos2d::CCFileUtilsAndroid::getFileData(char const*, char const*, unsigned long*)
0x00534c15	0x00534c14	28	_ZN7cocos2d18CCFileUtilsAndroidC2Ev	cocos2d::CCFileUtilsAndroid::CCFileUtilsAndroid()
0x00534c15	0x00534c14	28	_ZN7cocos2d18CCFileUtilsAndroidC1Ev	cocos2d::CCFileUtilsAndroid::CCFileUtilsAndroid()
0x00534c31	0x00534c30	120	_ZN7cocos2d11CCFileUtils15sharedFileUtilsEv	cocos2d::CCFileUtils::sharedFileUtils()
0x00534ca9	0x00534ca8	28	_ZN7cocos2d18CCFileUtilsAndroid4initEv	cocos2d::CCFileUtilsAndroid::init()
0x0053d02d	0x0053d02c	40	_ZN7cocos2d13CCUserDefaultD2Ev	cocos2d::CCUserDefault::~CCUserDefault()
0x0053d02d	0x0053d02c	40	_ZN7cocos2d13CCUserDefaultD1Ev	cocos2d::CCUserDefault::~CCUserDefault()
0x0053d055	0x0053d054	16	_ZN7cocos2d13CCUserDefaultC2Ev	cocos2d::CCUserDefault::CCUserDefault()
0x0053d055	0x0053d054	16	_ZN7cocos2d13CCUserDefaultC1Ev	cocos2d::CCUserDefault::CCUserDefault()
0x0053d065	0x0053d064	16	_ZN7cocos2d13CCUserDefault22purgeSharedUserDefaultEv	cocos2d::CCUserDefault::purgeSharedUserDefault()
0x0053d075	0x0053d074	8	_ZN7cocos2d13CCUserDefault13getBoolForKeyEPKcb	cocos2d::CCUserDefault::getBoolForKey(char const*, bool)
0x0053d07d	0x0053d07c	6	_ZN7cocos2d13CCUserDefault13getBoolForKeyEPKc	cocos2d::CCUserDefault::getBoolForKey(char const*)
0x0053d083	0x0053d082	8	_ZN7cocos2d13CCUserDefault16getIntegerForKeyEPKci	cocos2d::CCUserDefault::getIntegerForKey(char const*, int)
0x0053d08b	0x0053d08a	6	_ZN7cocos2d13CCUserDefault16getIntegerForKeyEPKc	cocos2d::CCUserDefault::getIntegerForKey(char const*)
0x0053d091	0x0053d090	8	_ZN7cocos2d13CCUserDefault14getFloatForKeyEPKcf	cocos2d::CCUserDefault::getFloatForKey(char const*, float)
0x0053d099	0x0053d098	6	_ZN7cocos2d13CCUserDefault14getFloatForKeyEPKc	cocos2d::CCUserDefault::getFloatForKey(char const*)
0x0053d09f	0x0053d09e	6	_ZN7cocos2d13CCUserDefault15getDoubleForKeyEPKcd	cocos2d::CCUserDefault::getDoubleForKey(char const*, double)
0x0053d0a5	0x0053d0a4	8	_ZN7cocos2d13CCUserDefault15getDoubleForKeyEPKc	cocos2d::CCUserDefault::getDoubleForKey(char const*)
0x0053d0ad	0x0053d0ac	16	_ZN7cocos2d13CCUserDefault15getStringForKeyEPKcRKSs	cocos2d::CCUserDefault::getStringForKey(char const*, std::basic_string<char, std::char_traits<char>, std::allocator<char> > const&)
0x0053d0bd	0x0053d0bc	52	_ZN7cocos2d13CCUserDefault15getStringForKeyEPKc	cocos2d::CCUserDefault::getStringForKey(char const*)
0x0053d0f1	0x0053d0f0	8	_ZN7cocos2d13CCUserDefault13setBoolForKeyEPKcb	cocos2d::CCUserDefault::setBoolForKey(char const*, bool)
0x0053d0f9	0x0053d0f8	8	_ZN7cocos2d13CCUserDefault16setIntegerForKeyEPKci	cocos2d::CCUserDefault::setIntegerForKey(char const*, int)
0x0053d101	0x0053d100	8	_ZN7cocos2d13CCUserDefault14setFloatForKeyEPKcf	cocos2d::CCUserDefault::setFloatForKey(char const*, float)
0x0053d109	0x0053d108	6	_ZN7cocos2d13CCUserDefault15setDoubleForKeyEPKcd	cocos2d::CCUserDefault::setDoubleForKey(char const*, double)
0x0053d10f	0x0053d10e	8	_ZN7cocos2d13CCUserDefault15setStringForKeyEPKcRKSs	cocos2d::CCUserDefault::setStringForKey(char const*, std::basic_string<char, std::char_traits<char>, std::allocator<char> > const&)
0x0053d119	0x0053d118	36	_ZN7cocos2d13CCUserDefault17sharedUserDefaultEv	cocos2d::CCUserDefault::sharedUserDefault()
0x0053d13d	0x0053d13c	4	_ZN7cocos2d13CCUserDefault14isXMLFileExistEv	cocos2d::CCUserDefault::isXMLFileExist()
0x0053d141	0x0053d140	2	_ZN7cocos2d13CCUserDefault15initXMLFilePathEv	cocos2d::CCUserDefault::initXMLFilePath()
0x0053d143	0x0053d142	4	_ZN7cocos2d13CCUserDefault13createXMLFileEv	cocos2d::CCUserDefault::createXMLFile()
0x0053d149	0x0053d148	12	_ZN7cocos2d13CCUserDefault14getXMLFilePathEv	cocos2d::CCUserDefault::getXMLFilePath()
0x0053d155	0x0053d154	2	_ZN7cocos2d13CCUserDefault5flushEv	cocos2d::CCUserDefault::flush()
